Reviewer,Applicant,Innovation and Impact (Why & What): Score between 0 to 30,Methodological Approach and Feasibility (How & When): Score between 0 to 30,Strength of the Research Team (Who): Score between 0 to 10,Potential to Attract External Funding: Score between 0 to 10,Clarity and Efficiency of Budget: Score between 0 to 10,"Overall Presentation (Writing, Clarity, Flow): Score between 0 to 10",Overall Recommendation
AM,DANIEL,27,14,8,6,6,5,Do Not Fund
SW,DANIEL,25,24,9,7,9,6,Fund with Revisions
HW,DANIEL,25,20,10,7,8,7,Do Not Fund
Y,DANIEL,20,17,6,5,6,7,Do Not Fund
AM,ROSIE,29,21,6,8,5,8,Do Not Fund
SW,ROSIE,30,30,10,9,10,10,Fund
HW,ROSIE,28,25,8,9,5,7,Fund with Revisions
Y,ROSIE,26,26,8,9,9,8,Fund
AM,KELLY,27,26,10,9,10,8,Fund with Revisions
SW,KELLY,29,30,10,10,10,10,Fund
HW,KELLY,27,27,10,9,9,9,Fund
Y,KELLY,22,25,7,7,9,7,Fund with Revisions
AM,CHRISTINA,25,14,6,6,8,6,Do Not Fund
SW,CHRISTINA,28,30,10,10,10,10,Fund
HW,CHRISTINA,25,25,8,8,8,7,Do Not Fund
Y,CHRISTINA,25,8,9,8,7,7,Fund